"","x","y","u","xMinusAvgXTimesY","xMinusAvgXSq","y_hat","u_hat"
"1",10000,9500,3500,-1583333.33333333,27777.7777777776,9131.70731707317,-368.292682926829
"2",11000,9200,2800,7666666.66666667,694444.444444445,9441.46341463415,241.46341463415
"3",9000,8900,3300,-10383333.3333333,1361111.11111111,8821.95121951219,-78.0487804878103
"4",10000,8800,2800,-1466666.66666666,27777.7777777776,9131.70731707317,331.707317073171
"5",12000,9900,3100,18150000,3361111.11111111,9751.21951219513,-148.780487804868
"6",9000,8800,3200,-10266666.6666667,1361111.11111111,8821.95121951219,21.9512195121897
